MSE,MAE,R2
9.603218274966059,2.5378405322713244,-1.7626615262056333e-05
9.130189819368848,2.471839845174856,0.04924052621886976
8.589485900012322,2.3763683237484883,0.1055459682753136
